Ref,Val,Package,PosX,PosY,Rot,Side
"R67","0R","R_0603_1608Metric",4.679600,116.080000,0.000000,bottom
"R68","0R","R_0603_1608Metric",4.679600,112.498600,0.000000,bottom
"R69","0R","R_0603_1608Metric",4.667400,114.048000,0.000000,bottom
